Year,State,Income
1929,CA,991
1929,CT,1024
1929,DC,1269
1929,DE,1032
1929,FL,518
1929,IA,581
1929,ID,507
1929,IL,948
1929,IN,607
1929,KA,532
1929,MA,906
1929,MD,768
1929,ME,601
1929,NC,332
1929,ND,382
1929,NE,868
1929,NJ,918
1929,NY,1152
1929,OK,455
1929,PA,772
1929,RI,874
1929,SD,426
1929,VA,434
1929,VT,634
1929,WV,460
1930,CA,887
1930,CT,921
1930,DC,1256
1930,DE,857
1930,FL,470
1930,IA,510
1930,ID,503
1930,IL,807
1930,IN,514
1930,KA,467
1930,MA,836
1930,MD,712
1930,ME,576
1930,NC,292
1930,ND,311
1930,NE,833
1930,NJ,847
1930,NY,1035
1930,OK,368
1930,PA,712
1930,RI,788
1930,SD,366
1930,VA,384
1930,VT,576
1930,WV,408
1931,CA,749
1931,CT,801
1931,DC,1196
1931,DE,775
1931,FL,398
1931,IA,400
1931,ID,374
1931,IL,671
1931,IN,438
1931,KA,401
1931,MA,759
1931,MD,638
1931,ME,491
1931,NC,248
1931,ND,187
1931,NE,652
1931,NJ,736
1931,NY,881
1931,OK,301
1931,PA,600
1931,RI,711
1931,SD,241
1931,VA,370
1931,VT,474
1931,WV,356
1932,CA,580
1932,CT,620
1932,DC,1054
1932,DE,590
1932,FL,319
1932,IA,297
1932,ID,274
1932,IL,486
1932,IN,310
1932,KA,266
1932,MA,613
1932,MD,512
1932,ME,377
1932,NC,187
1932,ND,176
1932,NE,550
1932,NJ,587
1932,NY,676
1932,OK,216
1932,PA,449
1932,RI,575
1932,SD,189
1932,VA,284
1932,VT,365
1932,WV,257
1933,CA,546
1933,CT,583
1933,DC,903
1933,DE,564
1933,FL,288
1933,IA,253
1933,ID,227
1933,IL,437
1933,IN,294
1933,KA,250
1933,MA,559
1933,MD,466
1933,ME,371
1933,NC,208
1933,ND,146
1933,NE,495
1933,NJ,523
1933,NY,626
1933,OK,222
1933,PA,417
1933,RI,559
1933,SD,129
1933,VA,285
1933,VT,338
1933,WV,259
1934,CA,603
1934,CT,653
1934,DC,925
1934,DE,645
1934,FL,348
1934,IA,269
1934,ID,403
1934,IL,505
1934,IN,359
1934,KA,287
1934,MA,609
1934,MD,523
1934,ME,416
1934,NC,253
1934,ND,180
1934,NE,546
1934,NJ,573
1934,NY,680
1934,OK,252
1934,PA,482
1934,RI,600
1934,SD,184
1934,VA,320
1934,VT,383
1934,WV,313
1935,CA,660
1935,CT,706
1935,DC,985
1935,DE,701
1935,FL,376
1935,IA,425
1935,ID,399
1935,IL,573
1935,IN,421
1935,KA,362
1935,MA,643
1935,MD,548
1935,ME,430
1935,NC,271
1935,ND,272
1935,NE,658
1935,NJ,625
1935,NY,722
1935,OK,298
1935,PA,517
1935,RI,645
1935,SD,309
1935,VA,350
1935,VT,414
1935,WV,337
1936,CA,771
1936,CT,806
1936,DC,1105
1936,DE,868
1936,FL,450
1936,IA,393
1936,ID,475
1936,IL,650
1936,IN,481
1936,KA,387
1936,MA,714
1936,MD,618
1936,ME,506
1936,NC,297
1936,ND,234
1936,NE,843
1936,NJ,709
1936,NY,808
1936,OK,321
1936,PA,601
1936,RI,711
1936,SD,244
1936,VA,390
1936,VT,471
1936,WV,390
1937,CA,795
1937,CT,860
1937,DC,1172
1937,DE,949
1937,FL,487
1937,IA,523
1937,ID,423
1937,IL,731
1937,IN,547
1937,KA,428
1937,MA,732
1937,MD,665
1937,ME,510
1937,NC,324
1937,ND,326
1937,NE,762
1937,NJ,747
1937,NY,838
1937,OK,376
1937,PA,636
1937,RI,731
1937,SD,323
1937,VA,423
1937,VT,485
1937,WV,418
1938,CA,771
1938,CT,769
1938,DC,1106
1938,DE,795
1938,FL,460
1938,IA,458
1938,ID,426
1938,IL,648
1938,IN,472
1938,KA,383
1938,MA,672
1938,MD,633
1938,ME,471
1938,NC,295
1938,ND,282
1938,NE,780
1938,NJ,697
1938,NY,789
1938,OK,346
1938,PA,563
1938,RI,672
1938,SD,320
1938,VA,390
1938,VT,457
1938,WV,370
1939,CA,781
1939,CT,836
1939,DC,1127
1939,DE,899
1939,FL,495
1939,IA,475
1939,ID,437
1939,IL,704
1939,IN,518
1939,KA,382
1939,MA,724
1939,MD,663
1939,ME,495
1939,NC,315
1939,ND,319
1939,NE,861
1939,NJ,749
1939,NY,825
1939,OK,349
1939,PA,601
1939,RI,720
1939,SD,345
1939,VA,426
1939,VT,491
1939,WV,388
1940,CA,844
1940,CT,918
1940,DC,1178
1940,DE,1027
1940,FL,522
1940,IA,501
1940,ID,463
1940,IL,751
1940,IN,551
1940,KA,425
1940,MA,779
1940,MD,710
1940,ME,526
1940,NC,324
1940,ND,355
1940,NE,895
1940,NJ,820
1940,NY,869
1940,OK,374
1940,PA,650
1940,RI,750
1940,SD,361
1940,VA,467
1940,VT,516
1940,WV,407
1941,CA,1013
1941,CT,1145
1941,DC,1217
1941,DE,1164
1941,FL,609
1941,IA,609
1941,ID,596
1941,IL,892
1941,IN,724
1941,KA,552
1941,MA,901
1941,MD,870
1941,ME,631
1941,NC,422
1941,ND,529
1941,NE,982
1941,NJ,957
1941,NY,996
1941,OK,432
1941,PA,776
1941,RI,934
1941,SD,475
1941,VA,582
1941,VT,643
1941,WV,498
1942,CA,1286
1942,CT,1418
1942,DC,1384
1942,DE,1291
1942,FL,787
1942,IA,835
1942,ID,914
1942,IL,1036
1942,IN,913
1942,KA,851
1942,MA,1073
1942,MD,1117
1942,ME,857
1942,NC,572
1942,ND,665
1942,NE,1558
1942,NJ,1167
1942,NY,1169
1942,OK,626
1942,PA,951
1942,RI,1149
1942,SD,757
1942,VA,785
1942,VT,775
1942,WV,613
1943,CA,1549
1943,CT,1593
1943,DC,1526
1943,DE,1464
1943,FL,1009
1943,IA,1024
1943,ID,1025
1943,IL,1258
1943,IN,1138
1943,KA,1045
1943,MA,1262
1943,MD,1287
1943,ME,1102
1943,NC,693
1943,ND,966
1943,NE,1511
1943,NJ,1429
1943,NY,1384
1943,OK,782
1943,PA,1146
1943,RI,1201
1943,SD,846
1943,VA,843
1943,VT,932
1943,WV,739
1944,CA,1583
1944,CT,1599
1944,DC,1577
1944,DE,1504
1944,FL,1114
1944,IA,1003
1944,ID,1095
1944,IL,1386
1944,IN,1198
1944,KA,1169
1944,MA,1299
1944,MD,1324
1944,ME,1102
1944,NC,766
1944,ND,1031
1944,NE,1483
1944,NJ,1554
1944,NY,1538
1944,OK,947
1944,PA,1250
1944,RI,1274
1944,SD,979
1944,VA,900
1944,VT,953
1944,WV,820
1945,CA,1583
1945,CT,1565
1945,DC,1656
1945,DE,1526
1945,FL,1174
1945,IA,1092
1945,ID,1135
1945,IL,1465
1945,IN,1251
1945,KA,1165
1945,MA,1348
1945,MD,1312
1945,ME,1079
1945,NC,823
1945,ND,1046
1945,NE,1611
1945,NJ,1582
1945,NY,1644
1945,OK,970
1945,PA,1280
1945,RI,1278
1945,SD,1086
1945,VA,950
1945,VT,1035
1945,WV,888
1946,CA,1671
1946,CT,1580
1946,DC,1725
1946,DE,1565
1946,FL,1169
1946,IA,1245
1946,ID,1203
1946,IL,1534
1946,IN,1204
1946,KA,1136
1946,MA,1396
1946,MD,1315
1946,ME,1134
1946,NC,866
1946,ND,1088
1946,NE,1757
1946,NJ,1526
1946,NY,1697
1946,OK,952
1946,PA,1289
1946,RI,1369
1946,SD,1132
1946,VA,1002
1946,VT,1090
1946,WV,925
1947,CA,1693
1947,CT,1702
1947,DC,1780
1947,DE,1664
1947,FL,1167
1947,IA,1217
1947,ID,1278
1947,IL,1639
1947,IN,1313
1947,KA,1310
1947,MA,1435
1947,MD,1355
1947,ME,1169
1947,NC,900
1947,ND,1494
1947,NE,1770
1947,NJ,1571
1947,NY,1725
1947,OK,1028
1947,PA,1364
1947,RI,1459
1947,SD,1270
1947,VA,1015
1947,VT,1127
1947,WV,1032
1948,CA,1763
1948,CT,1720
1948,DC,1967
1948,DE,1685
1948,FL,1201
1948,IA,1642
1948,ID,1345
1948,IL,1816
1948,IN,1456
1948,KA,1352
1948,MA,1512
1948,MD,1500
1948,ME,1240
1948,NC,1003
1948,ND,1483
1948,NE,1758
1948,NJ,1648
1948,NY,1771
1948,OK,1143
1948,PA,1436
1948,RI,1433
1948,SD,1526
1948,VA,1148
1948,VT,1192
1948,WV,1110
1949,CA,1744
1949,CT,1663
1949,DC,2118
1949,DE,1805
1949,FL,1208
1949,IA,1356
1949,ID,1277
1949,IL,1685
1949,IN,1361
1949,KA,1299
1949,MA,1480
1949,MD,1496
1949,ME,1183
1949,NC,969
1949,ND,1211
1949,NE,1795
1949,NJ,1624
1949,NY,1729
1949,OK,1166
1949,PA,1405
1949,RI,1378
1949,SD,1116
1949,VA,1132
1949,VT,1125
1949,WV,1023
1950,CA,1877
1950,CT,1891
1950,DC,2228
1950,DE,2075
1950,FL,1304
1950,IA,1532
1950,ID,1329
1950,IL,1831
1950,IN,1524
1950,KA,1463
1950,MA,1656
1950,MD,1642
1950,ME,1195
1950,NC,1077
1950,ND,1360
1950,NE,1991
1950,NJ,1802
1950,NY,1858
1950,OK,1144
1950,PA,1552
1950,RI,1553
1950,SD,1283
1950,VA,1257
1950,VT,1169
1950,WV,1056
1951,CA,2080
1951,CT,2158
1951,DC,2332
1951,DE,2155
1951,FL,1388
1951,IA,1638
1951,ID,1497
1951,IL,2026
1951,IN,1711
1951,KA,1602
1951,MA,1817
1951,MD,1815
1951,ME,1319
1951,NC,1192
1951,ND,1444
1951,NE,2211
1951,NJ,2000
1951,NY,2002
1951,OK,1290
1951,PA,1713
1951,RI,1717
1951,SD,1497
1951,VA,1420
1951,VT,1334
1951,WV,1182
1952,CA,2207
1952,CT,2298
1952,DC,2445
1952,DE,2244
1952,FL,1474
1952,IA,1725
1952,ID,1644
1952,IL,2091
1952,IN,1778
1952,KA,1827
1952,MA,1895
1952,MD,1944
1952,ME,1438
1952,NC,1230
1952,ND,1318
1952,NE,2397
1952,NJ,2114
1952,NY,2057
1952,OK,1401
1952,PA,1789
1952,RI,1765
1952,SD,1327
1952,VA,1510
1952,VT,1380
1952,WV,1247
1953,CA,2249
1953,CT,2393
1953,DC,2350
1953,DE,2341
1953,FL,1567
1953,IA,1657
1953,ID,1550
1953,IL,2209
1953,IN,1943
1953,KA,1739
1953,MA,1947
1953,MD,2017
1953,ME,1449
1953,NC,1274
1953,ND,1336
1953,NE,2447
1953,NJ,2232
1953,NY,2144
1953,OK,1475
1953,PA,1894
1953,RI,1855
1953,SD,1436
1953,VA,1533
1953,VT,1432
1953,WV,1276
1954,CA,2227
1954,CT,2350
1954,DC,2350
1954,DE,2306
1954,FL,1562
1954,IA,1788
1954,ID,1559
1954,IL,2177
1954,IN,1805
1954,KA,1791
1954,MA,1930
1954,MD,1938
1954,ME,1448
1954,NC,1293
1954,ND,1364
1954,NE,2415
1954,NJ,2219
1954,NY,2175
1954,OK,1458
1954,PA,1827
1954,RI,1847
1954,SD,1457
1954,VA,1554
1954,VT,1456
1954,WV,1225
1955,CA,2379
1955,CT,2477
1955,DC,2365
1955,DE,2507
1955,FL,1673
1955,IA,1670
1955,ID,1596
1955,IL,2270
1955,IN,1907
1955,KA,1753
1955,MA,2071
1955,MD,2047
1955,ME,1581
1955,NC,1368
1955,ND,1490
1955,NE,2527
1955,NJ,2300
1955,NY,2295
1955,OK,1516
1955,PA,1915
1955,RI,1958
1955,SD,1342
1955,VA,1637
1955,VT,1524
1955,WV,1318
1956,CA,2495
1956,CT,2684
1956,DC,2558
1956,DE,2749
1956,FL,1791
1956,IA,1758
1956,ID,1728
1956,IL,2452
1956,IN,2008
1956,KA,1821
1956,MA,2194
1956,MD,2184
1956,ME,1669
1956,NC,1436
1956,ND,1556
1956,NE,2488
1956,NJ,2448
1956,NY,2416
1956,OK,1593
1956,PA,2063
1956,RI,1998
1956,SD,1419
1956,VA,1712
1956,VT,1655
1956,WV,1477
1957,CA,2579
1957,CT,2810
1957,DC,2615
1957,DE,2645
1957,FL,1836
1957,IA,1939
1957,ID,1783
1957,IL,2522
1957,IN,2042
1957,KA,1911
1957,MA,2296
1957,MD,2267
1957,ME,1720
1957,NC,1424
1957,ND,1598
1957,NE,2562
1957,NJ,2551
1957,NY,2522
1957,OK,1657
1957,PA,2174
1957,RI,2024
1957,SD,1669
1957,VA,1738
1957,VT,1720
1957,WV,1594
1958,CA,2596
1958,CT,2731
1958,DC,2756
1958,DE,2651
1958,FL,1887
1958,IA,1990
1958,ID,1817
1958,IL,2511
1958,IN,2015
1958,KA,2098
1958,MA,2321
1958,MD,2258
1958,ME,1797
1958,NC,1505
1958,ND,1847
1958,NE,2594
1958,NJ,2525
1958,NY,2553
1958,OK,1794
1958,PA,2164
1958,RI,2067
1958,SD,1740
1958,VA,1784
1958,VT,1732
1958,WV,1551
1959,CA,2740
1959,CT,2832
1959,DC,2827
1959,DE,2724
1959,FL,2010
1959,IA,2026
1959,ID,1891
1959,IL,2642
1959,IN,2131
1959,KA,2106
1959,MA,2430
1959,MD,2324
1959,ME,1850
1959,NC,1581
1959,ND,1679
1959,NE,2749
1959,NJ,2660
1959,NY,2695
1959,OK,1857
1959,PA,2240
1959,RI,2183
1959,SD,1564
1959,VA,1885
1959,VT,1832
1959,WV,1597
1960,CA,2823
1960,CT,2926
1960,DC,2924
1960,DE,2805
1960,FL,2023
1960,IA,2061
1960,ID,1898
1960,IL,2700
1960,IN,2209
1960,KA,2165
1960,MA,2511
1960,MD,2407
1960,ME,1919
1960,NC,1629
1960,ND,1821
1960,NE,2890
1960,NJ,2764
1960,NY,2788
1960,OK,1916
1960,PA,2301
1960,RI,2234
1960,SD,1870
1960,VA,1936
1960,VT,1923
1960,WV,1625
1961,CA,2880
1961,CT,3042
1961,DC,2991
1961,DE,2815
1961,FL,2039
1961,IA,2180
1961,ID,1975
1961,IL,2789
1961,IN,2246
1961,KA,2227
1961,MA,2605
1961,MD,2507
1961,ME,1903
1961,NC,1689
1961,ND,1653
1961,NE,2957
1961,NJ,2830
1961,NY,2866
1961,OK,1947
1961,PA,2334
1961,RI,2329
1961,SD,1863
1961,VA,2005
1961,VT,1994
1961,WV,1671
1962,CA,3004
1962,CT,3175
1962,DC,3097
1962,DE,2933
1962,FL,2113
1962,IA,2284
1962,ID,2092
1962,IL,2902
1962,IN,2399
1962,KA,2305
1962,MA,2734
1962,MD,2638
1962,ME,1983
1962,NC,1797
1962,ND,2320
1962,NE,3184
1962,NJ,2990
1962,NY,2980
1962,OK,1994
1962,PA,2439
1962,RI,2457
1962,SD,2092
1962,VA,2121
1962,VT,2072
1962,WV,1762
1963,CA,3102
1963,CT,3250
1963,DC,3203
1963,DE,3049
1963,FL,2200
1963,IA,2432
1963,ID,2168
1963,IL,2981
1963,IN,2486
1963,KA,2384
1963,MA,2799
1963,MD,2722
1963,ME,2049
1963,NC,1877
1963,ND,2142
1963,NE,3174
1963,NJ,3064
1963,NY,3070
1963,OK,2055
1963,PA,2511
1963,RI,2552
1963,SD,2020
1963,VA,2218
1963,VT,2128
1963,WV,1853
1964,CA,3274
1964,CT,3401
1964,DC,3363
1964,DE,3210
1964,FL,2348
1964,IA,2549
1964,ID,2250
1964,IL,3131
1964,IN,2617
1964,KA,2516
1964,MA,2932
1964,MD,2881
1964,ME,2212
1964,NC,2009
1964,ND,2112
1964,NE,3209
1964,NJ,3224
1964,NY,3254
1964,OK,2196
1964,PA,2662
1964,RI,2691
1964,SD,2000
1964,VA,2403
1964,VT,2266
1964,WV,1974
1965,CA,3417
1965,CT,3583
1965,DC,3559
1965,DE,3468
1965,FL,2498
1965,IA,2833
1965,ID,2554
1965,IL,3360
1965,IN,2856
1965,KA,2689
1965,MA,3101
1965,MD,3055
1965,ME,2383
1965,NC,2143
1965,ND,2463
1965,NE,3299
1965,NJ,3414
1965,NY,3422
1965,OK,2361
1965,PA,2830
1965,RI,2870
1965,SD,2278
1965,VA,2563
1965,VT,2456
1965,WV,2126
1966,CA,3663
1966,CT,3874
1966,DC,3744
1966,DE,3610
1966,FL,2685
1966,IA,3067
1966,ID,2591
1966,IL,3599
1966,IN,3041
1966,KA,2894
1966,MA,3331
1966,MD,3284
1966,ME,2539
1966,NC,2363
1966,ND,2507
1966,NE,3471
1966,NJ,3652
1966,NY,3657
1966,OK,2517
1966,PA,3040
1966,RI,3113
1966,SD,2500
1966,VA,2746
1966,VT,2729
1966,WV,2271
1967,CA,3878
1967,CT,4195
1967,DC,4017
1967,DE,3785
1967,FL,2909
1967,IA,3093
1967,ID,2755
1967,IL,3785
1967,IN,3153
1967,KA,3032
1967,MA,3583
1967,MD,3516
1967,ME,2658
1967,NC,2525
1967,ND,2592
1967,NE,3660
1967,NJ,3892
1967,NY,3923
1967,OK,2702
1967,PA,3246
1967,RI,3336
1967,SD,2577
1967,VA,2967
1967,VT,2885
1967,WV,2417
1968,CA,4207
1968,CT,4443
1968,DC,4342
1968,DE,4079
1968,FL,3249
1968,IA,3312
1968,ID,2910
1968,IL,4045
1968,IN,3401
1968,KA,3268
1968,MA,3903
1968,MD,3831
1968,ME,2872
1968,NC,2754
1968,ND,2719
1968,NE,4114
1968,NJ,4237
1968,NY,4295
1968,OK,2948
1968,PA,3507
1968,RI,3595
1968,SD,2773
1968,VA,3252
1968,VT,3128
1968,WV,2573
1969,CA,4540
1969,CT,4847
1969,DC,4528
1969,DE,4421
1969,FL,3659
1969,IA,3652
1969,ID,3269
1969,IL,4354
1969,IN,3714
1969,KA,3548
1969,MA,4207
1969,MD,4209
1969,ME,3140
1969,NC,3051
1969,ND,3052
1969,NE,4520
1969,NJ,4525
1969,NY,4603
1969,OK,3198
1969,PA,3815
1969,RI,3865
1969,SD,2995
1969,VA,3558
1969,VT,3388
1969,WV,2798
1970,CA,4815
1970,CT,5090
1970,DC,5018
1970,DE,4608
1970,FL,4006
1970,IA,3862
1970,ID,3558
1970,IL,4580
1970,IN,3810
1970,KA,3816
1970,MA,4486
1970,MD,4573
1970,ME,3423
1970,NC,3285
1970,ND,3214
1970,NE,4946
1970,NJ,4835
1970,NY,4887
1970,OK,3477
1970,PA,4077
1970,RI,4114
1970,SD,3256
1970,VA,3795
1970,VT,3634
1970,WV,3117
1971,CA,5034
1971,CT,5300
1971,DC,5545
1971,DE,4892
1971,FL,4286
1971,IA,4005
1971,ID,3761
1971,IL,4874
1971,IN,4105
1971,KA,4145
1971,MA,4748
1971,MD,4894
1971,ME,3594
1971,NC,3510
1971,ND,3669
1971,NE,5227
1971,NJ,5127
1971,NY,5179
1971,OK,3711
1971,PA,4294
1971,RI,4295
1971,SD,3538
1971,VA,4092
1971,VT,3856
1971,WV,3378
1972,CA,5451
1972,CT,5697
1972,DC,6073
1972,DE,5303
1972,FL,4703
1972,IA,4473
1972,ID,4150
1972,IL,5266
1972,IN,4455
1972,KA,4613
1972,MA,5106
1972,MD,5291
1972,ME,3864
1972,NC,3899
1972,ND,4377
1972,NE,5557
1972,NJ,5521
1972,NY,5538
1972,OK,4020
1972,PA,4683
1972,RI,4625
1972,SD,4065
1972,VA,4486
1972,VT,4176
1972,WV,3682
1973,CA,5947
1973,CT,6241
1973,DC,6522
1973,DE,5871
1973,FL,5235
1973,IA,5398
1973,ID,4709
1973,IL,5903
1973,IN,5100
1973,KA,5274
1973,MA,5551
1973,MD,5822
1973,ME,4319
1973,NC,4365
1973,ND,6172
1973,NE,6114
1973,NJ,6043
1973,NY,5980
1973,OK,4524
1973,PA,5168
1973,RI,4972
1973,SD,5163
1973,VA,4972
1973,VT,4548
1973,WV,4026
1974,CA,6553
1974,CT,6813
1974,DC,7306
1974,DE,6347
1974,FL,5616
1974,IA,5596
1974,ID,5382
1974,IL,6464
1974,IN,5440
1974,KA,5717
1974,MA,6024
1974,MD,6382
1974,ME,4764
1974,NC,4743
1974,ND,6120
1974,NE,6490
1974,NJ,6576
1974,NY,6492
1974,OK,4986
1974,PA,5704
1974,RI,5405
1974,SD,5178
1974,VA,5484
1974,VT,4869
1974,WV,4457
1975,CA,7091
1975,CT,7239
1975,DC,8068
1975,DE,6729
1975,FL,5895
1975,IA,6192
1975,ID,5571
1975,IL,6986
1975,IN,5830
1975,KA,6186
1975,MA,6439
1975,MD,6878
1975,ME,5019
1975,NC,5039
1975,ND,6334
1975,NE,7009
1975,NJ,7037
1975,NY,6955
1975,OK,5475
1975,PA,6170
1975,RI,5844
1975,SD,5667
1975,VA,5934
1975,VT,5192
1975,WV,4974
1976,CA,7815
1976,CT,7885
1976,DC,8775
1976,DE,7349
1976,FL,6376
1976,IA,6580
1976,ID,6116
1976,IL,7623
1976,IN,6516
1976,KA,6721
1976,MA,6994
1976,MD,7536
1976,ME,5708
1976,NC,5584
1976,ND,6184
1976,NE,7719
1976,NJ,7703
1976,NY,7477
1976,OK,5974
1976,PA,6800
1976,RI,6411
1976,SD,5591
1976,VA,6534
1976,VT,5753
1976,WV,5479
1977,CA,8570
1977,CT,8712
1977,DC,9702
1977,DE,7913
1977,FL,7010
1977,IA,7283
1977,ID,6510
1977,IL,8385
1977,IN,7199
1977,KA,7307
1977,MA,7636
1977,MD,8191
1977,ME,6142
1977,NC,6058
1977,ND,6427
1977,NE,8550
1977,NJ,8462
1977,NY,8153
1977,OK,6586
1977,PA,7493
1977,RI,7004
1977,SD,6351
1977,VA,7192
1977,VT,6179
1977,WV,6053
1978,CA,9618
1978,CT,9720
1978,DC,10448
1978,DE,8658
1978,FL,7921
1978,IA,8438
1978,ID,7319
1978,IL,9277
1978,IN,8006
1978,KA,8082
1978,MA,8480
1978,MD,9062
1978,ME,6751
1978,NC,6780
1978,ND,8136
1978,NE,9780
1978,NJ,9408
1978,NY,8979
1978,OK,7387
1978,PA,8305
1978,RI,7693
1978,SD,7347
1978,VA,8040
1978,VT,7036
1978,WV,6703
1979,CA,10846
1979,CT,10971
1979,DC,11336
1979,DE,9549
1979,FL,8879
1979,IA,9114
1979,ID,7894
1979,IL,10243
1979,IN,8814
1979,KA,9240
1979,MA,9472
1979,MD,10035
1979,ME,7497
1979,NC,7461
1979,ND,8398
1979,NE,10765
1979,NJ,10469
1979,NY,9927
1979,OK,8485
1979,PA,9225
1979,RI,8595
1979,SD,8158
1979,VA,8995
1979,VT,7853
1979,WV,7432
1980,CA,12029
1980,CT,12439
1980,DC,12347
1980,DE,10803
1980,FL,10049
1980,IA,9671
1980,ID,8735
1980,IL,11077
1980,IN,9449
1980,KA,10038
1980,MA,10673
1980,MD,11230
1980,ME,8408
1980,NC,8247
1980,ND,8095
1980,NE,11780
1980,NJ,11778
1980,NY,11095
1980,OK,9580
1980,PA,10151
1980,RI,9742
1980,SD,8142
1980,VA,10176
1980,VT,8702
1980,WV,8172
1981,CA,13205
1981,CT,13865
1981,DC,13530
1981,DE,11873
1981,FL,11195
1981,IA,10968
1981,ID,9405
1981,IL,12250
1981,IN,10355
1981,KA,11248
1981,MA,11830
1981,MD,12403
1981,ME,9231
1981,NC,9184
1981,ND,10342
1981,NE,12780
1981,NJ,13057
1981,NY,12364
1981,OK,11003
1981,PA,11184
1981,RI,10815
1981,SD,9451
1981,VA,11291
1981,VT,9717
1981,WV,8866
1982,CA,13774
1982,CT,14903
1982,DC,14805
1982,DE,12727
1982,FL,11789
1982,IA,11227
1982,ID,9621
1982,IL,12771
1982,IN,10698
1982,KA,11989
1982,MA,12803
1982,MD,13246
1982,ME,9873
1982,NC,9690
1982,ND,10990
1982,NE,12986
1982,NJ,13999
1982,NY,13344
1982,OK,11817
1982,PA,11887
1982,RI,11605
1982,SD,9915
1982,VA,12075
1982,VT,10287
1982,WV,9439
1983,CA,14491
1983,CT,15799
1983,DC,15532
1983,DE,13529
1983,FL,12637
1983,IA,11485
1983,ID,10315
1983,IL,13289
1983,IN,11203
1983,KA,12373
1983,MA,13859
1983,MD,14228
1983,ME,10551
1983,NC,10480
1983,ND,11386
1983,NE,13465
1983,NJ,15036
1983,NY,14188
1983,OK,11725
1983,PA,12455
1983,RI,12439
1983,SD,10195
1983,VA,12936
1983,VT,10968
1983,WV,9626
1984,CA,15927
1984,CT,17580
1984,DC,17126
1984,DE,14816
1984,FL,13764
1984,IA,12798
1984,ID,11069
1984,IL,14682
1984,IN,12445
1984,KA,13602
1984,MA,15549
1984,MD,15693
1984,ME,11665
1984,NC,11788
1984,ND,12307
1984,NE,14435
1984,NJ,16549
1984,NY,15739
1984,OK,12687
1984,PA,13512
1984,RI,13717
1984,SD,11619
1984,VA,14298
1984,VT,12048
1984,WV,10417
1985,CA,16909
1985,CT,18763
1985,DC,18177
1985,DE,16056
1985,FL,14705
1985,IA,13395
1985,ID,11647
1985,IL,15508
1985,IN,13143
1985,KA,14330
1985,MA,16720
1985,MD,16961
1985,ME,12533
1985,NC,12649
1985,ND,12811
1985,NE,15332
1985,NJ,17652
1985,NY,16734
1985,OK,13265
1985,PA,14445
1985,RI,14685
1985,SD,11942
1985,VA,15286
1985,VT,12994
1985,WV,10936
1986,CA,17628
1986,CT,20038
1986,DC,19030
1986,DE,16781
1986,FL,15423
1986,IA,14020
1986,ID,11968
1986,IL,16284
1986,IN,13821
1986,KA,14904
1986,MA,17954
1986,MD,17966
1986,ME,13463
1986,NC,13444
1986,ND,13126
1986,NE,16027
1986,NJ,18711
1986,NY,17827
1986,OK,13288
1986,PA,15186
1986,RI,15587
1986,SD,12486
1986,VA,16237
1986,VT,13842
1986,WV,11464
1987,CA,18625
1987,CT,21895
1987,DC,20251
1987,DE,17933
1987,FL,16415
1987,IA,14899
1987,ID,12611
1987,IL,17289
1987,IN,14664
1987,KA,15583
1987,MA,19504
1987,MD,19216
1987,ME,14595
1987,NC,14325
1987,ND,13565
1987,NE,16886
1987,NJ,20230
1987,NY,19031
1987,OK,13464
1987,PA,16142
1987,RI,16651
1987,SD,13217
1987,VA,17332
1987,VT,14992
1987,WV,11950
1988,CA,19713
1988,CT,24007
1988,DC,22440
1988,DE,19312
1988,FL,17593
1988,IA,15315
1988,ID,13548
1988,IL,18461
1988,IN,15616
1988,KA,16331
1988,MA,21334
1988,MD,20626
1988,ME,15813
1988,NC,15461
1988,ND,12745
1988,NE,18180
1988,NJ,22142
1988,NY,20604
1988,OK,14257
1988,PA,17323
1988,RI,18271
1988,SD,13807
1988,VA,18556
1988,VT,16197
1988,WV,12708
1989,CA,20765
1989,CT,25797
1989,DC,24311
1989,DE,20930
1989,FL,19045
1989,IA,16562
1989,ID,14803
1989,IL,19634
1989,IN,16770
1989,KA,17093
1989,MA,22458
1989,MD,22001
1989,ME,16886
1989,NC,16539
1989,ND,14357
1989,NE,19568
1989,NJ,23595
1989,NY,21966
1989,OK,15265
1989,PA,18725
1989,RI,19657
1989,SD,14767
1989,VA,19780
1989,VT,17517
1989,WV,13529
1990,CA,21889
1990,CT,26736
1990,DC,26627
1990,DE,21636
1990,FL,19855
1990,IA,17380
1990,ID,15866
1990,IL,20756
1990,IN,17625
1990,KA,18182
1990,MA,23223
1990,MD,23023
1990,ME,17479
1990,NC,17367
1990,ND,15880
1990,NE,20674
1990,NJ,24766
1990,NY,23315
1990,OK,16214
1990,PA,19823
1990,RI,20194
1990,SD,16238
1990,VA,20538
1990,VT,18055
1990,WV,14579
1991,CA,22024
1991,CT,26863
1991,DC,28068
1991,DE,22342
1991,FL,20189
1991,IA,17859
1991,ID,16195
1991,IL,21320
1991,IN,18055
1991,KA,18832
1991,MA,23749
1991,MD,23571
1991,ME,17662
1991,NC,17879
1991,ND,16270
1991,NE,21283
1991,NJ,25153
1991,NY,23942
1991,OK,16721
1991,PA,20505
1991,RI,20363
1991,SD,16961
1991,VA,21092
1991,VT,18218
1991,WV,15219
1992,CA,22722
1992,CT,28635
1992,DC,30013
1992,DE,23094
1992,FL,20661
1992,IA,18939
1992,ID,17236
1992,IL,22764
1992,IN,19269
1992,KA,19955
1992,MA,24876
1992,MD,24358
1992,ME,18350
1992,NC,19120
1992,ND,17692
1992,NE,22694
1992,NJ,26597
1992,NY,25199
1992,OK,17526
1992,PA,21550
1992,RI,21257
1992,SD,17966
1992,VA,21965
1992,VT,19293
1992,WV,16118
1993,CA,22927
1993,CT,29602
1993,DC,31665
1993,DE,23823
1993,FL,21652
1993,IA,18929
1993,ID,18258
1993,IL,23386
1993,IN,20112
1993,KA,20510
1993,MA,25664
1993,MD,25104
1993,ME,18810
1993,NC,20042
1993,ND,17830
1993,NE,23465
1993,NJ,27101
1993,NY,25589
1993,OK,18085
1993,PA,22211
1993,RI,22137
1993,SD,18565
1993,VA,22773
1993,VT,19785
1993,WV,16724
1994,CA,23473
1994,CT,30532
1994,DC,32743
1994,DE,24530
1994,FL,22340
1994,IA,20498
1994,ID,18846
1994,IL,24440
1994,IN,21153
1994,KA,21352
1994,MA,26841
1994,MD,26046
1994,ME,19531
1994,NC,20931
1994,ND,19033
1994,NE,24635
1994,NJ,27885
1994,NY,26359
1994,OK,18730
1994,PA,22864
1994,RI,22762
1994,SD,19607
1994,VA,23709
1994,VT,20553
1994,WV,17413
1995,CA,24496
1995,CT,31947
1995,DC,33045
1995,DE,25391
1995,FL,23512
1995,IA,21181
1995,ID,19630
1995,IL,25643
1995,IN,21845
1995,KA,21889
1995,MA,28051
1995,MD,26896
1995,ME,20240
1995,NC,21938
1995,ND,19084
1995,NE,25808
1995,NJ,29277
1995,NY,27721
1995,OK,19394
1995,PA,23738
1995,RI,24046
1995,SD,19848
1995,VA,24456
1995,VT,21359
1995,WV,17913
1996,CA,25563
1996,CT,33472
1996,DC,34401
1996,DE,26640
1996,FL,24616
1996,IA,22713
1996,ID,20353
1996,IL,27005
1996,IN,22775
1996,KA,23121
1996,MA,29618
1996,MD,27844
1996,ME,21293
1996,NC,22940
1996,ND,21166
1996,NE,27142
1996,NJ,30795
1996,NY,29266
1996,OK,20151
1996,PA,24838
1996,RI,25123
1996,SD,21736
1996,VA,25495
1996,VT,22295
1996,WV,18566
1997,CA,26759
1997,CT,35596
1997,DC,36087
1997,DE,27405
1997,FL,25722
1997,IA,23798
1997,ID,20830
1997,IL,28347
1997,IN,23748
1997,KA,24355
1997,MA,31332
1997,MD,29222
1997,ME,22305
1997,NC,24188
1997,ND,20798
1997,NE,28201
1997,NJ,32372
1997,NY,30480
1997,OK,21106
1997,PA,26092
1997,RI,26631
1997,SD,22275
1997,VA,26768
1997,VT,23362
1997,WV,19388
1998,CA,28280
1998,CT,37452
1998,DC,37714
1998,DE,29571
1998,FL,26930
1998,IA,24844
1998,ID,21923
1998,IL,29974
1998,IN,25182
1998,KA,25687
1998,MA,33394
1998,MD,30850
1998,ME,23529
1998,NC,25454
1998,ND,22767
1998,NE,29806
1998,NJ,34310
1998,NY,32236
1998,OK,22199
1998,PA,27358
1998,RI,28012
1998,SD,23797
1998,VA,28343
1998,VT,24803
1998,WV,20246
1999,CA,29910
1999,CT,39300
1999,DC,39858
1999,DE,30778
1999,FL,27780
1999,IA,25615
1999,ID,22835
1999,IL,31145
1999,IN,26143
1999,KA,26824
1999,MA,35551
1999,MD,32465
1999,ME,24603
1999,NC,26003
1999,ND,23313
1999,NE,31022
1999,NJ,35551
1999,NY,33890
1999,OK,22953
1999,PA,28605
1999,RI,29377
1999,SD,25045
1999,VA,29789
1999,VT,25889
1999,WV,20966
